,model_name,model_variation,dimension,female_names,male_names
0,Qwen3-8B,democratic_9-g-n,Sociability,0.4126517870973558,-0.4126517870973554
1,Qwen3-8B,democratic_9-g-n,Morality,0.4918259191513467,-0.4918259191513467
2,Qwen3-8B,democratic_9-g-n,Ability,-0.0629526413616557,0.0629526413616553
3,Qwen3-8B,democratic_9-g-n,Agency,-0.4407746669748678,0.4407746669748675
4,Qwen3-8B,democratic_9-g-n,Status,-0.0767137216135844,0.0767137216135843
5,Qwen3-8B,democratic_9-g-n,Politics,-0.0923703769031949,0.0923703769031949
6,Qwen3-8B,democratic_9-g-n,Religion,-0.0805515477042806,0.0805515477042805
7,Meta-Llama-3-8B,conservative_6-g-n,Sociability,0.38019640581996,-0.3801964058199603
8,Meta-Llama-3-8B,conservative_6-g-n,Morality,0.3737774216301571,-0.3737774216301567
9,Meta-Llama-3-8B,conservative_6-g-n,Ability,-0.1541210335948816,0.1541210335948816
10,Meta-Llama-3-8B,conservative_6-g-n,Agency,-0.4836784483549778,0.4836784483549774
11,Meta-Llama-3-8B,conservative_6-g-n,Status,-0.2030666060704488,0.203066606070449
12,Meta-Llama-3-8B,conservative_6-g-n,Politics,-0.2441648252110912,0.2441648252110911
13,Meta-Llama-3-8B,conservative_6-g-n,Religion,0.0366877506411454,-0.0366877506411455
14,Meta-Llama-3-8B,liberal_3-g-n,Sociability,0.4240007225667162,-0.4240007225667163
15,Meta-Llama-3-8B,liberal_3-g-n,Morality,0.3206799412249395,-0.3206799412249397
16,Meta-Llama-3-8B,liberal_3-g-n,Ability,-0.0731981739008195,0.0731981739008193
17,Meta-Llama-3-8B,liberal_3-g-n,Agency,-0.5046031645030626,0.5046031645030622
18,Meta-Llama-3-8B,liberal_3-g-n,Status,-0.079458233349236,0.0794582333492348
19,Meta-Llama-3-8B,liberal_3-g-n,Politics,-0.0859053691951512,0.0859053691951514
20,Meta-Llama-3-8B,liberal_3-g-n,Religion,0.1948617054015005,-0.1948617054015007
21,Apertus-8B-Instruct-2509,conservative_1-g-n,Sociability,0.4818316476773037,-0.4818316476773034
22,Apertus-8B-Instruct-2509,conservative_1-g-n,Morality,0.2138484136392456,-0.2138484136392465
23,Apertus-8B-Instruct-2509,conservative_1-g-n,Ability,-0.0137114977626469,0.0137114977626471
24,Apertus-8B-Instruct-2509,conservative_1-g-n,Agency,-0.42349352194749,0.4234935219474918
25,Apertus-8B-Instruct-2509,conservative_1-g-n,Status,-0.1906278859272191,0.1906278859272205
26,Apertus-8B-Instruct-2509,conservative_1-g-n,Politics,0.1049208773102852,-0.1049208773102849
27,Apertus-8B-Instruct-2509,conservative_1-g-n,Religion,-0.1053554766601427,0.1053554766601428
28,Meta-Llama-3-8B,democratic_4-g-n,Sociability,0.3858346728811186,-0.3858346728811183
29,Meta-Llama-3-8B,democratic_4-g-n,Morality,0.3978728789623926,-0.397872878962393
30,Meta-Llama-3-8B,democratic_4-g-n,Ability,-0.1499285202961326,0.1499285202961326
31,Meta-Llama-3-8B,democratic_4-g-n,Agency,-0.4249120677123202,0.4249120677123203
32,Meta-Llama-3-8B,democratic_4-g-n,Status,-0.2564888129650584,0.2564888129650586
33,Meta-Llama-3-8B,democratic_4-g-n,Politics,-0.1555212422607639,0.155521242260764
34,Meta-Llama-3-8B,democratic_4-g-n,Religion,0.0339954517694342,-0.0339954517694341
35,Qwen3-8B,democratic_8-g-n,Sociability,0.4170716872003275,-0.4170716872003283
36,Qwen3-8B,democratic_8-g-n,Morality,0.5103917453345985,-0.510391745334598
37,Qwen3-8B,democratic_8-g-n,Ability,-0.1112015225714737,0.1112015225714734
38,Qwen3-8B,democratic_8-g-n,Agency,-0.4455246360842358,0.4455246360842355
39,Qwen3-8B,democratic_8-g-n,Status,-0.0786641027048246,0.0786641027048249
40,Qwen3-8B,democratic_8-g-n,Politics,-0.0702498317438077,0.0702498317438078
41,Qwen3-8B,democratic_8-g-n,Religion,-0.1052622614894753,0.1052622614894751
42,Meta-Llama-3-8B,conservative_10-g-n,Sociability,0.3684338732345995,-0.3684338732345988
43,Meta-Llama-3-8B,conservative_10-g-n,Morality,0.3792550382823829,-0.3792550382823823
44,Meta-Llama-3-8B,conservative_10-g-n,Ability,-0.1990246661110396,0.1990246661110396
45,Meta-Llama-3-8B,conservative_10-g-n,Agency,-0.4679823822956923,0.4679823822956925
46,Meta-Llama-3-8B,conservative_10-g-n,Status,-0.204920190400163,0.2049201904001633
47,Meta-Llama-3-8B,conservative_10-g-n,Politics,-0.1903640467114262,0.1903640467114262
48,Meta-Llama-3-8B,conservative_10-g-n,Religion,-0.0031709524734539,0.003170952473454
49,Qwen3-8B,conservative_4-g-n,Sociability,0.4233322583819574,-0.4233322583819571
50,Qwen3-8B,conservative_4-g-n,Morality,0.4953323042863122,-0.4953323042863123
51,Qwen3-8B,conservative_4-g-n,Ability,-0.1191944250884939,0.1191944250884939
52,Qwen3-8B,conservative_4-g-n,Agency,-0.4318604887356774,0.4318604887356778
53,Qwen3-8B,conservative_4-g-n,Status,-0.0503055291221211,0.0503055291221215
54,Qwen3-8B,conservative_4-g-n,Politics,-0.0681621728575215,0.0681621728575215
55,Qwen3-8B,conservative_4-g-n,Religion,-0.1427014939793135,0.1427014939793139
56,Meta-Llama-3-8B,liberal_4-g-n,Sociability,0.4334641953242236,-0.4334641953242236
57,Meta-Llama-3-8B,liberal_4-g-n,Morality,0.3161756758465118,-0.3161756758465122
58,Meta-Llama-3-8B,liberal_4-g-n,Ability,-0.083093319896901,0.083093319896901
59,Meta-Llama-3-8B,liberal_4-g-n,Agency,-0.5309585383996356,0.5309585383996357
60,Meta-Llama-3-8B,liberal_4-g-n,Status,-0.1274698773642232,0.127469877364224
61,Meta-Llama-3-8B,liberal_4-g-n,Politics,-0.0606930769878898,0.0606930769878899
62,Meta-Llama-3-8B,liberal_4-g-n,Religion,0.2129373825597823,-0.2129373825597836
63,Meta-Llama-3-8B,conservative_2-g-n,Sociability,0.3529386159262377,-0.3529386159262377
64,Meta-Llama-3-8B,conservative_2-g-n,Morality,0.4116713784535692,-0.411671378453569
65,Meta-Llama-3-8B,conservative_2-g-n,Ability,-0.1809942215308869,0.1809942215308869
66,Meta-Llama-3-8B,conservative_2-g-n,Agency,-0.4606270270188466,0.4606270270188463
67,Meta-Llama-3-8B,conservative_2-g-n,Status,-0.1829930930120588,0.1829930930120589
68,Meta-Llama-3-8B,conservative_2-g-n,Politics,-0.2159181705549322,0.2159181705549322
69,Meta-Llama-3-8B,conservative_2-g-n,Religion,0.0140610440910365,-0.0140610440910362
70,Qwen3-8B,democratic_2-g-n,Sociability,0.4275283201564994,-0.4275283201564985
71,Qwen3-8B,democratic_2-g-n,Morality,0.4860110354527155,-0.4860110354527155
72,Qwen3-8B,democratic_2-g-n,Ability,-0.083329240162147,0.0833292401621472
73,Qwen3-8B,democratic_2-g-n,Agency,-0.4437429194900567,0.4437429194900569
74,Qwen3-8B,democratic_2-g-n,Status,-0.0268043545819327,0.0268043545819336
75,Qwen3-8B,democratic_2-g-n,Politics,-0.0348242314801408,0.0348242314801406
76,Qwen3-8B,democratic_2-g-n,Religion,-0.0547875748491745,0.0547875748491755
77,Apertus-8B-Instruct-2509,conservative_9-g-n,Sociability,0.440576953890997,-0.4405769538909954
78,Apertus-8B-Instruct-2509,conservative_9-g-n,Morality,0.2186168433390131,-0.2186168433390139
79,Apertus-8B-Instruct-2509,conservative_9-g-n,Ability,-0.0226283936865465,0.0226283936865462
80,Apertus-8B-Instruct-2509,conservative_9-g-n,Agency,-0.3795958734572366,0.3795958734572375
81,Apertus-8B-Instruct-2509,conservative_9-g-n,Status,-0.2264089884822794,0.2264089884822767
82,Apertus-8B-Instruct-2509,conservative_9-g-n,Politics,0.013978764234129,-0.013978764234129
83,Apertus-8B-Instruct-2509,conservative_9-g-n,Religion,-0.1566499902921546,0.1566499902921565
84,Meta-Llama-3-8B,conservative_4-g-n,Sociability,0.3590823582635011,-0.3590823582635009
85,Meta-Llama-3-8B,conservative_4-g-n,Morality,0.390736149336171,-0.39073614933617
86,Meta-Llama-3-8B,conservative_4-g-n,Ability,-0.143918740545806,0.143918740545806
87,Meta-Llama-3-8B,conservative_4-g-n,Agency,-0.4759970370629811,0.4759970370629811
88,Meta-Llama-3-8B,conservative_4-g-n,Status,-0.1655023884277281,0.165502388427728
89,Meta-Llama-3-8B,conservative_4-g-n,Politics,-0.2569182221212225,0.2569182221212225
90,Meta-Llama-3-8B,conservative_4-g-n,Religion,0.0281454393897147,-0.0281454393897144
91,Qwen3-8B,conservative_8-g-n,Sociability,0.4481621880418508,-0.4481621880418512
92,Qwen3-8B,conservative_8-g-n,Morality,0.4853158604685374,-0.4853158604685373
93,Qwen3-8B,conservative_8-g-n,Ability,-0.1267585196944222,0.1267585196944213
94,Qwen3-8B,conservative_8-g-n,Agency,-0.4367475906600691,0.4367475906600698
95,Qwen3-8B,conservative_8-g-n,Status,-0.0542541666051124,0.0542541666051128
96,Qwen3-8B,conservative_8-g-n,Politics,-0.0973098937281591,0.0973098937281591
97,Qwen3-8B,conservative_8-g-n,Religion,-0.1183093509839166,0.1183093509839175
98,Apertus-8B-Instruct-2509,democratic_1-g-n,Sociability,0.4497082954563698,-0.449708295456371
99,Apertus-8B-Instruct-2509,democratic_1-g-n,Morality,0.2243502770200574,-0.2243502770200575
100,Apertus-8B-Instruct-2509,democratic_1-g-n,Ability,-0.0377955642127022,0.037795564212702
101,Apertus-8B-Instruct-2509,democratic_1-g-n,Agency,-0.3841883835636216,0.3841883835636214
102,Apertus-8B-Instruct-2509,democratic_1-g-n,Status,-0.2101479484770781,0.2101479484770791
103,Apertus-8B-Instruct-2509,democratic_1-g-n,Politics,0.0039103013173238,-0.003910301317324
104,Apertus-8B-Instruct-2509,democratic_1-g-n,Religion,-0.1616443629224399,0.1616443629224414
105,Apertus-8B-Instruct-2509,conservative_7-g-n,Sociability,0.4525063173620088,-0.4525063173620089
106,Apertus-8B-Instruct-2509,conservative_7-g-n,Morality,0.2333245151387548,-0.2333245151387538
107,Apertus-8B-Instruct-2509,conservative_7-g-n,Ability,-0.0334621271794104,0.033462127179411
108,Apertus-8B-Instruct-2509,conservative_7-g-n,Agency,-0.3646087513287266,0.3646087513287258
109,Apertus-8B-Instruct-2509,conservative_7-g-n,Status,-0.2380445127000023,0.2380445127000009
110,Apertus-8B-Instruct-2509,conservative_7-g-n,Politics,-0.005570740833937,0.005570740833937
111,Apertus-8B-Instruct-2509,conservative_7-g-n,Religion,-0.1631642979655071,0.1631642979655093
112,Meta-Llama-3-8B,liberal_2-g-n,Sociability,0.4136095516962242,-0.413609551696224
113,Meta-Llama-3-8B,liberal_2-g-n,Morality,0.3274515927058137,-0.3274515927058137
114,Meta-Llama-3-8B,liberal_2-g-n,Ability,0.0020923512857087,-0.0020923512857089
115,Meta-Llama-3-8B,liberal_2-g-n,Agency,-0.5355808887439552,0.5355808887439552
116,Meta-Llama-3-8B,liberal_2-g-n,Status,-0.0949256105635621,0.094925610563562
117,Meta-Llama-3-8B,liberal_2-g-n,Politics,-0.0883483347559482,0.0883483347559481
118,Meta-Llama-3-8B,liberal_2-g-n,Religion,0.2826625385779829,-0.2826625385779825
119,Meta-Llama-3-8B,liberal_7-g-n,Sociability,0.4429401231625474,-0.4429401231625476
120,Meta-Llama-3-8B,liberal_7-g-n,Morality,0.319144391370006,-0.3191443913700062
121,Meta-Llama-3-8B,liberal_7-g-n,Ability,-0.0347690461520729,0.0347690461520729
122,Meta-Llama-3-8B,liberal_7-g-n,Agency,-0.5653524454082052,0.5653524454082053
123,Meta-Llama-3-8B,liberal_7-g-n,Status,-0.0734174072592597,0.0734174072592597
124,Meta-Llama-3-8B,liberal_7-g-n,Politics,-0.068647617322612,0.068647617322612
125,Meta-Llama-3-8B,liberal_7-g-n,Religion,0.2762111445848811,-0.2762111445848813
126,Qwen3-8B,democratic_6-g-n,Sociability,0.4307755460168938,-0.4307755460168942
127,Qwen3-8B,democratic_6-g-n,Morality,0.4629287794927528,-0.462928779492752
128,Qwen3-8B,democratic_6-g-n,Ability,-0.1046231319446192,0.1046231319446192
129,Qwen3-8B,democratic_6-g-n,Agency,-0.456264478222,0.456264478222
130,Qwen3-8B,democratic_6-g-n,Status,-0.0360428956302521,0.0360428956302522
131,Qwen3-8B,democratic_6-g-n,Politics,-0.0470968201080028,0.0470968201080029
132,Qwen3-8B,democratic_6-g-n,Religion,-0.0809979396568291,0.0809979396568289
133,Meta-Llama-3-8B,democratic_1-g-n,Sociability,0.4157754162817317,-0.4157754162817313
134,Meta-Llama-3-8B,democratic_1-g-n,Morality,0.3776390409871046,-0.377639040987105
135,Meta-Llama-3-8B,democratic_1-g-n,Ability,-0.2069374872492047,0.2069374872492048
136,Meta-Llama-3-8B,democratic_1-g-n,Agency,-0.4788627576217621,0.4788627576217623
137,Meta-Llama-3-8B,democratic_1-g-n,Status,-0.1577515884581533,0.1577515884581536
138,Meta-Llama-3-8B,democratic_1-g-n,Politics,-0.1933664843832356,0.1933664843832357
139,Meta-Llama-3-8B,democratic_1-g-n,Religion,0.0036871002266057,-0.0036871002266056
140,Apertus-8B-Instruct-2509,democratic_9-g-n,Sociability,0.4900181531635105,-0.4900181531635093
141,Apertus-8B-Instruct-2509,democratic_9-g-n,Morality,0.2052676853050558,-0.2052676853050567
142,Apertus-8B-Instruct-2509,democratic_9-g-n,Ability,0.0033335626687524,-0.0033335626687525
143,Apertus-8B-Instruct-2509,democratic_9-g-n,Agency,-0.4366529817091648,0.4366529817091645
144,Apertus-8B-Instruct-2509,democratic_9-g-n,Status,-0.1265542249612125,0.126554224961213
145,Apertus-8B-Instruct-2509,democratic_9-g-n,Politics,0.1305573985661396,-0.1305573985661395
146,Apertus-8B-Instruct-2509,democratic_9-g-n,Religion,-0.0987708147010618,0.0987708147010604
147,Meta-Llama-3-8B,liberal_9-g-n,Sociability,0.3741461606398951,-0.374146160639895
148,Meta-Llama-3-8B,liberal_9-g-n,Morality,0.3178382936808644,-0.3178382936808645
149,Meta-Llama-3-8B,liberal_9-g-n,Ability,-0.0353450591038987,0.0353450591038987
150,Meta-Llama-3-8B,liberal_9-g-n,Agency,-0.4844726581315201,0.4844726581315195
151,Meta-Llama-3-8B,liberal_9-g-n,Status,-0.0981710376277923,0.0981710376277937
152,Meta-Llama-3-8B,liberal_9-g-n,Politics,-0.1344206524305244,0.1344206524305245
153,Meta-Llama-3-8B,liberal_9-g-n,Religion,0.2159265466371258,-0.2159265466371266
154,Apertus-8B-Instruct-2509,democratic_6-g-n,Sociability,0.4747850823079849,-0.4747850823079865
155,Apertus-8B-Instruct-2509,democratic_6-g-n,Morality,0.178840555501887,-0.1788405555018868
156,Apertus-8B-Instruct-2509,democratic_6-g-n,Ability,-0.0122296183421371,0.0122296183421371
157,Apertus-8B-Instruct-2509,democratic_6-g-n,Agency,-0.4189991078444782,0.4189991078444769
158,Apertus-8B-Instruct-2509,democratic_6-g-n,Status,-0.198706376172237,0.1987063761722375
159,Apertus-8B-Instruct-2509,democratic_6-g-n,Politics,0.1002244579781312,-0.1002244579781317
160,Apertus-8B-Instruct-2509,democratic_6-g-n,Religion,-0.1320720944658757,0.1320720944658777
161,Apertus-8B-Instruct-2509,democratic_5-g-n,Sociability,0.4605324184821168,-0.4605324184821172
162,Apertus-8B-Instruct-2509,democratic_5-g-n,Morality,0.2703942342118802,-0.2703942342118802
163,Apertus-8B-Instruct-2509,democratic_5-g-n,Ability,0.0028816577867729,-0.0028816577867727
164,Apertus-8B-Instruct-2509,democratic_5-g-n,Agency,-0.4096095082540937,0.4096095082540923
165,Apertus-8B-Instruct-2509,democratic_5-g-n,Status,-0.2145108404933017,0.2145108404933015
166,Apertus-8B-Instruct-2509,democratic_5-g-n,Politics,0.0679961649629266,-0.067996164962926
167,Apertus-8B-Instruct-2509,democratic_5-g-n,Religion,-0.1161636255573596,0.1161636255573588
168,Meta-Llama-3-8B,democratic_2-g-n,Sociability,0.3072922304657334,-0.3072922304657334
169,Meta-Llama-3-8B,democratic_2-g-n,Morality,0.4357571647856588,-0.4357571647856583
170,Meta-Llama-3-8B,democratic_2-g-n,Ability,-0.1281090791643666,0.1281090791643666
171,Meta-Llama-3-8B,democratic_2-g-n,Agency,-0.4169481228131815,0.4169481228131818
172,Meta-Llama-3-8B,democratic_2-g-n,Status,-0.312230167561892,0.3122301675618926
173,Meta-Llama-3-8B,democratic_2-g-n,Politics,-0.189907499056205,0.1899074990562048
174,Meta-Llama-3-8B,democratic_2-g-n,Religion,0.0327179664854705,-0.0327179664854705
175,Apertus-8B-Instruct-2509,conservative_3-g-n,Sociability,0.4222077853555132,-0.4222077853555137
176,Apertus-8B-Instruct-2509,conservative_3-g-n,Morality,0.2454101545431068,-0.2454101545431074
177,Apertus-8B-Instruct-2509,conservative_3-g-n,Ability,-0.0288689331242531,0.0288689331242527
178,Apertus-8B-Instruct-2509,conservative_3-g-n,Agency,-0.3872487844388497,0.3872487844388496
179,Apertus-8B-Instruct-2509,conservative_3-g-n,Status,-0.1929793973535392,0.192979397353539
180,Apertus-8B-Instruct-2509,conservative_3-g-n,Politics,0.0086682073576471,-0.0086682073576471
181,Apertus-8B-Instruct-2509,conservative_3-g-n,Religion,-0.1698708694039092,0.1698708694039094
182,Qwen3-8B,default-g-n,Sociability,-0.3510888016781318,0.3510888016781318
183,Qwen3-8B,default-g-n,Morality,0.4008375997037556,-0.4008375997037551
184,Qwen3-8B,default-g-n,Ability,0.370840241500457,-0.3708402415004561
185,Qwen3-8B,default-g-n,Agency,-0.4423782355659566,0.4423782355659568
186,Qwen3-8B,default-g-n,Status,-0.3793940177642731,0.3793940177642734
187,Qwen3-8B,default-g-n,Politics,-0.3778974568434649,0.3778974568434652
188,Qwen3-8B,default-g-n,Religion,-0.3680796077900728,0.3680796077900725
189,Apertus-8B-Instruct-2509,conservative_8-g-n,Sociability,0.4642806129545119,-0.4642806129545128
190,Apertus-8B-Instruct-2509,conservative_8-g-n,Morality,0.2402288911389946,-0.2402288911389964
191,Apertus-8B-Instruct-2509,conservative_8-g-n,Ability,-0.0258249855771298,0.02582498557713
192,Apertus-8B-Instruct-2509,conservative_8-g-n,Agency,-0.3921332053192054,0.3921332053192044
193,Apertus-8B-Instruct-2509,conservative_8-g-n,Status,-0.2171321025689754,0.217132102568975
194,Apertus-8B-Instruct-2509,conservative_8-g-n,Politics,0.0061058986775658,-0.0061058986775657
195,Apertus-8B-Instruct-2509,conservative_8-g-n,Religion,-0.1392660983425823,0.139266098342584
196,Qwen3-8B,conservative_1-g-n,Sociability,0.4267323225012482,-0.426732322501249
197,Qwen3-8B,conservative_1-g-n,Morality,0.498175986642428,-0.4981759866424278
198,Qwen3-8B,conservative_1-g-n,Ability,-0.1054388257117505,0.1054388257117515
199,Qwen3-8B,conservative_1-g-n,Agency,-0.4354750994841461,0.4354750994841462
200,Qwen3-8B,conservative_1-g-n,Status,-0.0467103098012898,0.0467103098012895
201,Qwen3-8B,conservative_1-g-n,Politics,-0.052131625515067,0.0521316255150672
202,Qwen3-8B,conservative_1-g-n,Religion,-0.0858486415146925,0.0858486415146935
203,Qwen3-8B,democratic_1-g-n,Sociability,0.4271630422015283,-0.4271630422015288
204,Qwen3-8B,democratic_1-g-n,Morality,0.5030313648468823,-0.5030313648468832
205,Qwen3-8B,democratic_1-g-n,Ability,-0.1283641439639795,0.1283641439639798
206,Qwen3-8B,democratic_1-g-n,Agency,-0.4309377362109119,0.4309377362109121
207,Qwen3-8B,democratic_1-g-n,Status,-0.0725271210969324,0.0725271210969322
208,Qwen3-8B,democratic_1-g-n,Politics,-0.0878418135708988,0.0878418135708989
209,Qwen3-8B,democratic_1-g-n,Religion,-0.1516178218015056,0.1516178218015058
210,Apertus-8B-Instruct-2509,liberal_9-g-n,Sociability,0.5110418330179922,-0.5110418330179922
211,Apertus-8B-Instruct-2509,liberal_9-g-n,Morality,0.1877196990129533,-0.1877196990129541
212,Apertus-8B-Instruct-2509,liberal_9-g-n,Ability,0.0167356419906015,-0.0167356419906016
213,Apertus-8B-Instruct-2509,liberal_9-g-n,Agency,-0.450172725033256,0.4501727250332569
214,Apertus-8B-Instruct-2509,liberal_9-g-n,Status,-0.2353527174906531,0.2353527174906526
215,Apertus-8B-Instruct-2509,liberal_9-g-n,Politics,0.1084059607905614,-0.1084059607905631
216,Apertus-8B-Instruct-2509,liberal_9-g-n,Religion,-0.0359436432663285,0.0359436432663304
217,Apertus-8B-Instruct-2509,liberal_7-g-n,Sociability,0.5293697402198542,-0.5293697402198553
218,Apertus-8B-Instruct-2509,liberal_7-g-n,Morality,0.1751389855187032,-0.1751389855187039
219,Apertus-8B-Instruct-2509,liberal_7-g-n,Ability,-0.003139234405089,0.0031392344050892
220,Apertus-8B-Instruct-2509,liberal_7-g-n,Agency,-0.4660546386414104,0.4660546386414081
221,Apertus-8B-Instruct-2509,liberal_7-g-n,Status,-0.2127990235567979,0.2127990235567979
222,Apertus-8B-Instruct-2509,liberal_7-g-n,Politics,0.1292844659768795,-0.1292844659768801
223,Apertus-8B-Instruct-2509,liberal_7-g-n,Religion,-0.0211062367129244,0.0211062367129216
224,Apertus-8B-Instruct-2509,liberal_1-g-n,Sociability,0.4971189613176014,-0.4971189613176008
225,Apertus-8B-Instruct-2509,liberal_1-g-n,Morality,0.2033794960254492,-0.2033794960254498
226,Apertus-8B-Instruct-2509,liberal_1-g-n,Ability,-0.012069220099951,0.0120692200999511
227,Apertus-8B-Instruct-2509,liberal_1-g-n,Agency,-0.4355638993240973,0.4355638993240973
228,Apertus-8B-Instruct-2509,liberal_1-g-n,Status,-0.2151948414048793,0.2151948414048787
229,Apertus-8B-Instruct-2509,liberal_1-g-n,Politics,0.0909799863771681,-0.090979986377168
230,Apertus-8B-Instruct-2509,liberal_1-g-n,Religion,-0.0276753772544591,0.0276753772544617
231,Meta-Llama-3-8B,conservative_8-g-n,Sociability,0.3898704174000241,-0.3898704174000237
232,Meta-Llama-3-8B,conservative_8-g-n,Morality,0.410596864961418,-0.4105968649614178
233,Meta-Llama-3-8B,conservative_8-g-n,Ability,-0.197722788201291,0.197722788201291
234,Meta-Llama-3-8B,conservative_8-g-n,Agency,-0.4755255495468721,0.475525549546872
235,Meta-Llama-3-8B,conservative_8-g-n,Status,-0.1680906768461046,0.1680906768461055
236,Meta-Llama-3-8B,conservative_8-g-n,Politics,-0.2162703517987256,0.2162703517987257
237,Meta-Llama-3-8B,conservative_8-g-n,Religion,0.0071782535466817,-0.0071782535466815
238,Qwen3-8B,conservative_5-g-n,Sociability,0.4263897880913356,-0.4263897880913363
239,Qwen3-8B,conservative_5-g-n,Morality,0.4893606973432837,-0.4893606973432833
240,Qwen3-8B,conservative_5-g-n,Ability,-0.1101623916443625,0.1101623916443629
241,Qwen3-8B,conservative_5-g-n,Agency,-0.4342519257131478,0.4342519257131479
242,Qwen3-8B,conservative_5-g-n,Status,-0.0558777202770119,0.0558777202770107
243,Qwen3-8B,conservative_5-g-n,Politics,-0.0833446154903855,0.0833446154903854
244,Qwen3-8B,conservative_5-g-n,Religion,-0.1341835710082254,0.1341835710082255
245,Meta-Llama-3-8B,democratic_10-g-n,Sociability,0.3953440543129753,-0.3953440543129758
246,Meta-Llama-3-8B,democratic_10-g-n,Morality,0.3736252360877682,-0.373625236087768
247,Meta-Llama-3-8B,democratic_10-g-n,Ability,-0.1853476414862415,0.1853476414862414
248,Meta-Llama-3-8B,democratic_10-g-n,Agency,-0.4220682317366413,0.422068231736641
249,Meta-Llama-3-8B,democratic_10-g-n,Status,-0.1148521426041773,0.1148521426041772
250,Meta-Llama-3-8B,democratic_10-g-n,Politics,-0.1345351872565789,0.1345351872565786
251,Meta-Llama-3-8B,democratic_10-g-n,Religion,0.0935427541524967,-0.0935427541524967
252,Apertus-8B-Instruct-2509,liberal_3-g-n,Sociability,0.5191702397120848,-0.5191702397120834
253,Apertus-8B-Instruct-2509,liberal_3-g-n,Morality,0.1835828840953311,-0.1835828840953311
254,Apertus-8B-Instruct-2509,liberal_3-g-n,Ability,-0.0039667625112916,0.0039667625112916
255,Apertus-8B-Instruct-2509,liberal_3-g-n,Agency,-0.4663661962051821,0.466366196205182
256,Apertus-8B-Instruct-2509,liberal_3-g-n,Status,-0.2459187324523282,0.2459187324523299
257,Apertus-8B-Instruct-2509,liberal_3-g-n,Politics,0.1033453976790919,-0.1033453976790908
258,Apertus-8B-Instruct-2509,liberal_3-g-n,Religion,-0.0438441411350638,0.0438441411350679
259,Meta-Llama-3-8B,conservative_5-g-n,Sociability,0.3615466087157604,-0.3615466087157604
260,Meta-Llama-3-8B,conservative_5-g-n,Morality,0.3983453153204692,-0.3983453153204689
261,Meta-Llama-3-8B,conservative_5-g-n,Ability,-0.1853131006799113,0.1853131006799113
262,Meta-Llama-3-8B,conservative_5-g-n,Agency,-0.4409400402536816,0.440940040253681
263,Meta-Llama-3-8B,conservative_5-g-n,Status,-0.1903629357784745,0.190362935778474
264,Meta-Llama-3-8B,conservative_5-g-n,Politics,-0.2242116574100257,0.2242116574100257
265,Meta-Llama-3-8B,conservative_5-g-n,Religion,0.022097657525254,-0.0220976575252541
266,Meta-Llama-3-8B,democratic_3-g-n,Sociability,0.2834485859322403,-0.2834485859322404
267,Meta-Llama-3-8B,democratic_3-g-n,Morality,0.3976939291100475,-0.397693929110048
268,Meta-Llama-3-8B,democratic_3-g-n,Ability,-0.1014308822696333,0.1014308822696332
269,Meta-Llama-3-8B,democratic_3-g-n,Agency,-0.4154479351127119,0.4154479351127126
270,Meta-Llama-3-8B,democratic_3-g-n,Status,-0.2852493218692369,0.2852493218692373
271,Meta-Llama-3-8B,democratic_3-g-n,Politics,-0.2231845546874988,0.2231845546874982
272,Meta-Llama-3-8B,democratic_3-g-n,Religion,0.0263448782085315,-0.0263448782085318
273,Qwen3-8B,conservative_2-g-n,Sociability,0.4451167534801831,-0.4451167534801836
274,Qwen3-8B,conservative_2-g-n,Morality,0.4839040310071377,-0.4839040310071375
275,Qwen3-8B,conservative_2-g-n,Ability,-0.1262162622850623,0.1262162622850621
276,Qwen3-8B,conservative_2-g-n,Agency,-0.4283731749619832,0.4283731749619829
277,Qwen3-8B,conservative_2-g-n,Status,-0.0141630820217877,0.0141630820217882
278,Qwen3-8B,conservative_2-g-n,Politics,-0.0651781454147198,0.0651781454147197
279,Qwen3-8B,conservative_2-g-n,Religion,-0.1196848792328971,0.1196848792328973
280,Apertus-8B-Instruct-2509,liberal_6-g-n,Sociability,0.5496971813671686,-0.5496971813671684
281,Apertus-8B-Instruct-2509,liberal_6-g-n,Morality,0.1788175260279133,-0.1788175260279156
282,Apertus-8B-Instruct-2509,liberal_6-g-n,Ability,-0.0319990114317975,0.0319990114317975
283,Apertus-8B-Instruct-2509,liberal_6-g-n,Agency,-0.4793347435045361,0.4793347435045373
284,Apertus-8B-Instruct-2509,liberal_6-g-n,Status,-0.1288531275815294,0.1288531275815278
285,Apertus-8B-Instruct-2509,liberal_6-g-n,Politics,0.2043520879206249,-0.2043520879206248
286,Apertus-8B-Instruct-2509,liberal_6-g-n,Religion,0.0420769495344631,-0.042076949534461
287,Qwen3-8B,democratic_4-g-n,Sociability,0.4239474505862318,-0.4239474505862313
288,Qwen3-8B,democratic_4-g-n,Morality,0.5112152405255465,-0.511215240525547
289,Qwen3-8B,democratic_4-g-n,Ability,-0.0927259818653529,0.0927259818653526
290,Qwen3-8B,democratic_4-g-n,Agency,-0.4416650993892286,0.4416650993892281
291,Qwen3-8B,democratic_4-g-n,Status,-0.0758103134808855,0.0758103134808856
292,Qwen3-8B,democratic_4-g-n,Politics,-0.0828587853783066,0.0828587853783065
293,Qwen3-8B,democratic_4-g-n,Religion,-0.1012512344895684,0.1012512344895683
294,Qwen3-8B,conservative_3-g-n,Sociability,0.4286077847199088,-0.4286077847199077
295,Qwen3-8B,conservative_3-g-n,Morality,0.4962428998988737,-0.4962428998988746
296,Qwen3-8B,conservative_3-g-n,Ability,-0.1265769132664491,0.1265769132664492
297,Qwen3-8B,conservative_3-g-n,Agency,-0.4355263402241349,0.4355263402241344
298,Qwen3-8B,conservative_3-g-n,Status,-0.0278405947212453,0.0278405947212457
299,Qwen3-8B,conservative_3-g-n,Politics,-0.0584522592640336,0.0584522592640335
300,Qwen3-8B,conservative_3-g-n,Religion,-0.1403287290596099,0.1403287290596103
301,Qwen3-8B,liberal_1-g-n,Sociability,0.4556867491051269,-0.4556867491051274
302,Qwen3-8B,liberal_1-g-n,Morality,0.4532334120032512,-0.4532334120032517
303,Qwen3-8B,liberal_1-g-n,Ability,-0.1183510403696004,0.1183510403696001
304,Qwen3-8B,liberal_1-g-n,Agency,-0.4599057110905866,0.4599057110905863
305,Qwen3-8B,liberal_1-g-n,Status,-0.0395298938361161,0.0395298938361157
306,Qwen3-8B,liberal_1-g-n,Politics,-0.0560502932941358,0.0560502932941359
307,Qwen3-8B,liberal_1-g-n,Religion,-0.054581009175757,0.0545810091757568
308,Apertus-8B-Instruct-2509,liberal_4-g-n,Sociability,0.4999455584512446,-0.4999455584512453
309,Apertus-8B-Instruct-2509,liberal_4-g-n,Morality,0.2021661515532319,-0.2021661515532319
310,Apertus-8B-Instruct-2509,liberal_4-g-n,Ability,-0.0159633915149919,0.015963391514992
311,Apertus-8B-Instruct-2509,liberal_4-g-n,Agency,-0.4301175257132074,0.4301175257132082
312,Apertus-8B-Instruct-2509,liberal_4-g-n,Status,-0.2427792726969987,0.2427792726969986
313,Apertus-8B-Instruct-2509,liberal_4-g-n,Politics,0.1219867385023096,-0.1219867385023098
314,Apertus-8B-Instruct-2509,liberal_4-g-n,Religion,-0.0330517091875495,0.0330517091875445
315,Qwen3-8B,democratic_3-g-n,Sociability,0.4359963986641911,-0.435996398664191
316,Qwen3-8B,democratic_3-g-n,Morality,0.4543954476048953,-0.4543954476048947
317,Qwen3-8B,democratic_3-g-n,Ability,-0.0715456388979049,0.071545638897905
318,Qwen3-8B,democratic_3-g-n,Agency,-0.4363741886714479,0.4363741886714476
319,Qwen3-8B,democratic_3-g-n,Status,-0.0170803789885897,0.0170803789885897
320,Qwen3-8B,democratic_3-g-n,Politics,-0.0542149899183259,0.0542149899183263
321,Qwen3-8B,democratic_3-g-n,Religion,-0.0791704719504102,0.0791704719504109
322,Apertus-8B-Instruct-2509,conservative_10-g-n,Sociability,0.4379603059351452,-0.4379603059351468
323,Apertus-8B-Instruct-2509,conservative_10-g-n,Morality,0.2385466447369079,-0.2385466447369086
324,Apertus-8B-Instruct-2509,conservative_10-g-n,Ability,-0.0106970703587229,0.0106970703587229
325,Apertus-8B-Instruct-2509,conservative_10-g-n,Agency,-0.3822221893193855,0.3822221893193854
326,Apertus-8B-Instruct-2509,conservative_10-g-n,Status,-0.201014570426341,0.2010145704263426
327,Apertus-8B-Instruct-2509,conservative_10-g-n,Politics,0.0187838698611243,-0.0187838698611255
328,Apertus-8B-Instruct-2509,conservative_10-g-n,Religion,-0.1716620894157746,0.1716620894157728
329,Qwen3-8B,conservative_7-g-n,Sociability,0.4214056773929412,-0.4214056773929414
330,Qwen3-8B,conservative_7-g-n,Morality,0.4939533797199227,-0.4939533797199222
331,Qwen3-8B,conservative_7-g-n,Ability,-0.1207697449744833,0.1207697449744831
332,Qwen3-8B,conservative_7-g-n,Agency,-0.4229038719915161,0.4229038719915162
333,Qwen3-8B,conservative_7-g-n,Status,-0.0989771586134518,0.098977158613452
334,Qwen3-8B,conservative_7-g-n,Politics,-0.0977874960965128,0.0977874960965127
335,Qwen3-8B,conservative_7-g-n,Religion,-0.13683494392308,0.1368349439230805
336,Qwen3-8B,liberal_9-g-n,Sociability,0.4656073200954654,-0.4656073200954644
337,Qwen3-8B,liberal_9-g-n,Morality,0.4502622262354265,-0.4502622262354269
338,Qwen3-8B,liberal_9-g-n,Ability,-0.1112227172590013,0.1112227172590014
339,Qwen3-8B,liberal_9-g-n,Agency,-0.4597725124382595,0.4597725124382592
340,Qwen3-8B,liberal_9-g-n,Status,-0.0507921720460608,0.0507921720460607
341,Qwen3-8B,liberal_9-g-n,Politics,-0.0815033589062427,0.0815033589062425
342,Qwen3-8B,liberal_9-g-n,Religion,-0.0314946616326914,0.0314946616326922
343,Meta-Llama-3-8B,conservative_9-g-n,Sociability,0.354503621542697,-0.354503621542697
344,Meta-Llama-3-8B,conservative_9-g-n,Morality,0.3856500809455824,-0.3856500809455824
345,Meta-Llama-3-8B,conservative_9-g-n,Ability,-0.1807987821568755,0.1807987821568755
346,Meta-Llama-3-8B,conservative_9-g-n,Agency,-0.4555552518298854,0.4555552518298856
347,Meta-Llama-3-8B,conservative_9-g-n,Status,-0.2451600255038365,0.2451600255038365
348,Meta-Llama-3-8B,conservative_9-g-n,Politics,-0.2113556789883641,0.211355678988364
349,Meta-Llama-3-8B,conservative_9-g-n,Religion,-0.0022542362511148,0.0022542362511143
350,Qwen3-8B,conservative_10-g-n,Sociability,0.403051262813612,-0.4030512628136115
351,Qwen3-8B,conservative_10-g-n,Morality,0.4994115909992851,-0.4994115909992851
352,Qwen3-8B,conservative_10-g-n,Ability,-0.1214267797056255,0.1214267797056257
353,Qwen3-8B,conservative_10-g-n,Agency,-0.4364005465070238,0.4364005465070237
354,Qwen3-8B,conservative_10-g-n,Status,-0.093706039489456,0.0937060394894559
355,Qwen3-8B,conservative_10-g-n,Politics,-0.1096239776198613,0.1096239776198614
356,Qwen3-8B,conservative_10-g-n,Religion,-0.1600496918381196,0.1600496918381202
357,Apertus-8B-Instruct-2509,liberal_2-g-n,Sociability,0.5210219196044337,-0.5210219196044337
358,Apertus-8B-Instruct-2509,liberal_2-g-n,Morality,0.2016817782995908,-0.2016817782995936
359,Apertus-8B-Instruct-2509,liberal_2-g-n,Ability,-0.0027460717059798,0.00274607170598
360,Apertus-8B-Instruct-2509,liberal_2-g-n,Agency,-0.4621810289565875,0.4621810289565873
361,Apertus-8B-Instruct-2509,liberal_2-g-n,Status,-0.2564956038490588,0.2564956038490564
362,Apertus-8B-Instruct-2509,liberal_2-g-n,Politics,0.1036393136581358,-0.1036393136581357
363,Apertus-8B-Instruct-2509,liberal_2-g-n,Religion,0.0156511223273743,-0.0156511223273697
364,Meta-Llama-3-8B,liberal_10-g-n,Sociability,0.4062699910886884,-0.406269991088688
365,Meta-Llama-3-8B,liberal_10-g-n,Morality,0.3148441033997611,-0.3148441033997614
366,Meta-Llama-3-8B,liberal_10-g-n,Ability,-0.0380264184664699,0.0380264184664699
367,Meta-Llama-3-8B,liberal_10-g-n,Agency,-0.5352914799374556,0.5352914799374556
368,Meta-Llama-3-8B,liberal_10-g-n,Status,-0.0856697393836076,0.0856697393836067
369,Meta-Llama-3-8B,liberal_10-g-n,Politics,-0.0798009329801694,0.0798009329801692
370,Meta-Llama-3-8B,liberal_10-g-n,Religion,0.2193852536370312,-0.2193852536370313
371,Apertus-8B-Instruct-2509,democratic_2-g-n,Sociability,0.4861153802878977,-0.4861153802878987
372,Apertus-8B-Instruct-2509,democratic_2-g-n,Morality,0.1925835532399564,-0.1925835532399572
373,Apertus-8B-Instruct-2509,democratic_2-g-n,Ability,-0.0036101912640475,0.0036101912640476
374,Apertus-8B-Instruct-2509,democratic_2-g-n,Agency,-0.4235021710682894,0.4235021710682904
375,Apertus-8B-Instruct-2509,democratic_2-g-n,Status,-0.1724597522917904,0.1724597522917915
376,Apertus-8B-Instruct-2509,democratic_2-g-n,Politics,0.1306567317452917,-0.1306567317452919
377,Apertus-8B-Instruct-2509,democratic_2-g-n,Religion,-0.1091107803487183,0.1091107803487138
378,Apertus-8B-Instruct-2509,conservative_5-g-n,Sociability,0.4327920922755929,-0.432792092275594
379,Apertus-8B-Instruct-2509,conservative_5-g-n,Morality,0.2609071566700048,-0.2609071566700038
380,Apertus-8B-Instruct-2509,conservative_5-g-n,Ability,0.0014906900954959,-0.0014906900954961
381,Apertus-8B-Instruct-2509,conservative_5-g-n,Agency,-0.398552187230111,0.3985521872301108
382,Apertus-8B-Instruct-2509,conservative_5-g-n,Status,-0.2216872669437948,0.2216872669437942
383,Apertus-8B-Instruct-2509,conservative_5-g-n,Politics,0.0060765473878959,-0.0060765473878962
384,Apertus-8B-Instruct-2509,conservative_5-g-n,Religion,-0.146355169880418,0.1463551698804183
385,Qwen3-8B,liberal_5-g-n,Sociability,0.4928441216807613,-0.4928441216807606
386,Qwen3-8B,liberal_5-g-n,Morality,0.4291013107276537,-0.4291013107276534
387,Qwen3-8B,liberal_5-g-n,Ability,-0.1043133516790104,0.1043133516790102
388,Qwen3-8B,liberal_5-g-n,Agency,-0.4695258149211281,0.4695258149211276
389,Qwen3-8B,liberal_5-g-n,Status,0.0271098334746624,-0.0271098334746629
390,Qwen3-8B,liberal_5-g-n,Politics,-0.0503106116563548,0.0503106116563548
391,Qwen3-8B,liberal_5-g-n,Religion,0.0177389514673115,-0.0177389514673114
392,Qwen3-8B,democratic_10-g-n,Sociability,0.4206723752076305,-0.420672375207632
393,Qwen3-8B,democratic_10-g-n,Morality,0.4794920606055581,-0.4794920606055574
394,Qwen3-8B,democratic_10-g-n,Ability,-0.0945553085274003,0.0945553085274004
395,Qwen3-8B,democratic_10-g-n,Agency,-0.4322651394736103,0.4322651394736108
396,Qwen3-8B,democratic_10-g-n,Status,-0.0746408818542269,0.0746408818542265
397,Qwen3-8B,democratic_10-g-n,Politics,-0.0644395371838087,0.064439537183809
398,Qwen3-8B,democratic_10-g-n,Religion,-0.0987608834816045,0.0987608834816062
399,Apertus-8B-Instruct-2509,democratic_8-g-n,Sociability,0.4776881008436378,-0.4776881008436364
400,Apertus-8B-Instruct-2509,democratic_8-g-n,Morality,0.225628861744111,-0.2256288617441123
401,Apertus-8B-Instruct-2509,democratic_8-g-n,Ability,-0.0301537179150389,0.030153717915039
402,Apertus-8B-Instruct-2509,democratic_8-g-n,Agency,-0.416478453027022,0.4164784530270226
403,Apertus-8B-Instruct-2509,democratic_8-g-n,Status,-0.1582486451265124,0.1582486451265106
404,Apertus-8B-Instruct-2509,democratic_8-g-n,Politics,0.1120348565187418,-0.1120348565187422
405,Apertus-8B-Instruct-2509,democratic_8-g-n,Religion,-0.1217999889981986,0.1217999889981983
406,Meta-Llama-3-8B,conservative_7-g-n,Sociability,0.3654444999421565,-0.3654444999421568
407,Meta-Llama-3-8B,conservative_7-g-n,Morality,0.4099661412647344,-0.4099661412647342
408,Meta-Llama-3-8B,conservative_7-g-n,Ability,-0.1813967064439255,0.1813967064439256
409,Meta-Llama-3-8B,conservative_7-g-n,Agency,-0.4225941639513916,0.4225941639513915
410,Meta-Llama-3-8B,conservative_7-g-n,Status,-0.2214305760668652,0.221430576066865
411,Meta-Llama-3-8B,conservative_7-g-n,Politics,-0.1996590988641967,0.1996590988641965
412,Meta-Llama-3-8B,conservative_7-g-n,Religion,-0.0074827394938682,0.0074827394938691
413,Apertus-8B-Instruct-2509,conservative_6-g-n,Sociability,0.4417151022710019,-0.4417151022710033
414,Apertus-8B-Instruct-2509,conservative_6-g-n,Morality,0.2254444416624132,-0.2254444416624133
415,Apertus-8B-Instruct-2509,conservative_6-g-n,Ability,-0.0195590285969469,0.0195590285969473
416,Apertus-8B-Instruct-2509,conservative_6-g-n,Agency,-0.3886538007248339,0.3886538007248342
417,Apertus-8B-Instruct-2509,conservative_6-g-n,Status,-0.2230203179904475,0.2230203179904447
418,Apertus-8B-Instruct-2509,conservative_6-g-n,Politics,-7.812037600031463e-05,7.812037600084171e-05
419,Apertus-8B-Instruct-2509,conservative_6-g-n,Religion,-0.1520444878251414,0.1520444878251373
420,Apertus-8B-Instruct-2509,liberal_8-g-n,Sociability,0.5050436531493416,-0.5050436531493415
421,Apertus-8B-Instruct-2509,liberal_8-g-n,Morality,0.1865360052214512,-0.1865360052214527
422,Apertus-8B-Instruct-2509,liberal_8-g-n,Ability,-0.0187056992580554,0.018705699258055
423,Apertus-8B-Instruct-2509,liberal_8-g-n,Agency,-0.4279466113363235,0.4279466113363244
424,Apertus-8B-Instruct-2509,liberal_8-g-n,Status,-0.213788026490228,0.2137880264902248
425,Apertus-8B-Instruct-2509,liberal_8-g-n,Politics,0.110485999066275,-0.1104859990662752
426,Apertus-8B-Instruct-2509,liberal_8-g-n,Religion,-0.0325844399069277,0.0325844399069261
427,Apertus-8B-Instruct-2509,democratic_10-g-n,Sociability,0.4816456146196593,-0.4816456146196599
428,Apertus-8B-Instruct-2509,democratic_10-g-n,Morality,0.2284265953728936,-0.2284265953728923
429,Apertus-8B-Instruct-2509,democratic_10-g-n,Ability,-0.008243632173332,0.0082436321733321
430,Apertus-8B-Instruct-2509,democratic_10-g-n,Agency,-0.420144380380324,0.4201443803803258
431,Apertus-8B-Instruct-2509,democratic_10-g-n,Status,-0.1721101630361345,0.1721101630361349
432,Apertus-8B-Instruct-2509,democratic_10-g-n,Politics,0.0981271574996964,-0.0981271574996956
433,Apertus-8B-Instruct-2509,democratic_10-g-n,Religion,-0.1060946404994894,0.1060946404994876
434,Meta-Llama-3-8B,democratic_5-g-n,Sociability,0.3441254619259594,-0.3441254619259588
435,Meta-Llama-3-8B,democratic_5-g-n,Morality,0.3649705149432824,-0.3649705149432819
436,Meta-Llama-3-8B,democratic_5-g-n,Ability,-0.1060318998674235,0.1060318998674236
437,Meta-Llama-3-8B,democratic_5-g-n,Agency,-0.4140253762500394,0.4140253762500398
438,Meta-Llama-3-8B,democratic_5-g-n,Status,-0.2410997554630058,0.2410997554630062
439,Meta-Llama-3-8B,democratic_5-g-n,Politics,-0.1523550404956892,0.1523550404956885
440,Meta-Llama-3-8B,democratic_5-g-n,Religion,0.0722257773076925,-0.0722257773076925
441,Apertus-8B-Instruct-2509,democratic_3-g-n,Sociability,0.4768988807919468,-0.476898880791946
442,Apertus-8B-Instruct-2509,democratic_3-g-n,Morality,0.2255637158364486,-0.2255637158364485
443,Apertus-8B-Instruct-2509,democratic_3-g-n,Ability,-0.0103624394268989,0.0103624394268985
444,Apertus-8B-Instruct-2509,democratic_3-g-n,Agency,-0.4109555871067425,0.4109555871067432
445,Apertus-8B-Instruct-2509,democratic_3-g-n,Status,-0.1269056176206087,0.1269056176206101
446,Apertus-8B-Instruct-2509,democratic_3-g-n,Politics,0.1197712688479374,-0.1197712688479363
447,Apertus-8B-Instruct-2509,democratic_3-g-n,Religion,-0.1159493039121182,0.1159493039121167
448,Meta-Llama-3-8B,liberal_6-g-n,Sociability,0.3826937404901435,-0.3826937404901434
449,Meta-Llama-3-8B,liberal_6-g-n,Morality,0.3457795477744101,-0.3457795477744105
450,Meta-Llama-3-8B,liberal_6-g-n,Ability,0.0182433532852264,-0.0182433532852263
451,Meta-Llama-3-8B,liberal_6-g-n,Agency,-0.5521895911681054,0.5521895911681053
452,Meta-Llama-3-8B,liberal_6-g-n,Status,-0.0555044131985168,0.0555044131985172
453,Meta-Llama-3-8B,liberal_6-g-n,Politics,-0.0590008772785958,0.0590008772785957
454,Meta-Llama-3-8B,liberal_6-g-n,Religion,0.2869081866038283,-0.2869081866038284
455,Apertus-8B-Instruct-2509,conservative_2-g-n,Sociability,0.4374698194538244,-0.4374698194538245
456,Apertus-8B-Instruct-2509,conservative_2-g-n,Morality,0.2424354121320384,-0.2424354121320372
457,Apertus-8B-Instruct-2509,conservative_2-g-n,Ability,-0.0308072388757921,0.0308072388757922
458,Apertus-8B-Instruct-2509,conservative_2-g-n,Agency,-0.3924743673041129,0.3924743673041134
459,Apertus-8B-Instruct-2509,conservative_2-g-n,Status,-0.2377380572090966,0.237738057209095
460,Apertus-8B-Instruct-2509,conservative_2-g-n,Politics,-0.0229499059764118,0.0229499059764113
461,Apertus-8B-Instruct-2509,conservative_2-g-n,Religion,-0.1676342666305606,0.1676342666305616
462,Meta-Llama-3-8B,liberal_5-g-n,Sociability,0.4035006479961368,-0.4035006479961369
463,Meta-Llama-3-8B,liberal_5-g-n,Morality,0.3468004100154073,-0.3468004100154078
464,Meta-Llama-3-8B,liberal_5-g-n,Ability,-0.0602274225730781,0.0602274225730781
465,Meta-Llama-3-8B,liberal_5-g-n,Agency,-0.5167583673174666,0.5167583673174672
466,Meta-Llama-3-8B,liberal_5-g-n,Status,-0.0556987434561957,0.0556987434561954
467,Meta-Llama-3-8B,liberal_5-g-n,Politics,-0.1165431451767058,0.1165431451767057
468,Meta-Llama-3-8B,liberal_5-g-n,Religion,0.2101081472355197,-0.2101081472355195
469,Meta-Llama-3-8B,conservative_3-g-n,Sociability,0.3677565266471884,-0.3677565266471885
470,Meta-Llama-3-8B,conservative_3-g-n,Morality,0.4206555023230553,-0.420655502323056
471,Meta-Llama-3-8B,conservative_3-g-n,Ability,-0.202668361948494,0.2026683619484939
472,Meta-Llama-3-8B,conservative_3-g-n,Agency,-0.4814720123410831,0.4814720123410831
473,Meta-Llama-3-8B,conservative_3-g-n,Status,-0.1723355936587478,0.1723355936587479
474,Meta-Llama-3-8B,conservative_3-g-n,Politics,-0.197360654948816,0.1973606549488159
475,Meta-Llama-3-8B,conservative_3-g-n,Religion,-0.0262767270953516,0.0262767270953516
476,Apertus-8B-Instruct-2509,liberal_10-g-n,Sociability,0.5443019920567648,-0.5443019920567645
477,Apertus-8B-Instruct-2509,liberal_10-g-n,Morality,0.1964194806207656,-0.196419480620764
478,Apertus-8B-Instruct-2509,liberal_10-g-n,Ability,-0.0002652031859108,0.0002652031859111
479,Apertus-8B-Instruct-2509,liberal_10-g-n,Agency,-0.4906699105366446,0.4906699105366429
480,Apertus-8B-Instruct-2509,liberal_10-g-n,Status,-0.164943249331629,0.1649432493316307
481,Apertus-8B-Instruct-2509,liberal_10-g-n,Politics,0.1971939703015562,-0.1971939703015564
482,Apertus-8B-Instruct-2509,liberal_10-g-n,Religion,0.0153754538477353,-0.0153754538477385
483,Qwen3-8B,liberal_2-g-n,Sociability,0.4872036498614348,-0.487203649861435
484,Qwen3-8B,liberal_2-g-n,Morality,0.4364154506244941,-0.4364154506244937
485,Qwen3-8B,liberal_2-g-n,Ability,-0.1080268020284089,0.1080268020284081
486,Qwen3-8B,liberal_2-g-n,Agency,-0.4598786693686819,0.4598786693686814
487,Qwen3-8B,liberal_2-g-n,Status,-0.0198957718384481,0.0198957718384489
488,Qwen3-8B,liberal_2-g-n,Politics,-0.0514503250142021,0.0514503250142021
489,Qwen3-8B,liberal_2-g-n,Religion,-0.01205301953446,0.0120530195344592
490,Qwen3-8B,conservative_9-g-n,Sociability,0.4209354820579169,-0.4209354820579167
491,Qwen3-8B,conservative_9-g-n,Morality,0.4931312723557861,-0.4931312723557859
492,Qwen3-8B,conservative_9-g-n,Ability,-0.1286829369850781,0.128682936985078
493,Qwen3-8B,conservative_9-g-n,Agency,-0.4406033853709043,0.4406033853709037
494,Qwen3-8B,conservative_9-g-n,Status,-0.0540020909849143,0.0540020909849145
495,Qwen3-8B,conservative_9-g-n,Politics,-0.0768405482528697,0.0768405482528699
496,Qwen3-8B,conservative_9-g-n,Religion,-0.1273140748451784,0.1273140748451778
497,Meta-Llama-3-8B,liberal_1-g-n,Sociability,0.4485065682228478,-0.4485065682228475
498,Meta-Llama-3-8B,liberal_1-g-n,Morality,0.3104987929168124,-0.3104987929168123
499,Meta-Llama-3-8B,liberal_1-g-n,Ability,-0.1598800780216512,0.1598800780216511
500,Meta-Llama-3-8B,liberal_1-g-n,Agency,-0.524324035994574,0.5243240359945734
501,Meta-Llama-3-8B,liberal_1-g-n,Status,-0.086140751955194,0.0861407519551946
502,Meta-Llama-3-8B,liberal_1-g-n,Politics,-0.0932817242507628,0.0932817242507628
503,Meta-Llama-3-8B,liberal_1-g-n,Religion,0.2015846105823503,-0.201584610582351
504,Qwen3-8B,liberal_4-g-n,Sociability,0.502059055711798,-0.5020590557117982
505,Qwen3-8B,liberal_4-g-n,Morality,0.4483236214893525,-0.4483236214893523
506,Qwen3-8B,liberal_4-g-n,Ability,-0.1132185266314996,0.1132185266314994
507,Qwen3-8B,liberal_4-g-n,Agency,-0.4703085206080771,0.470308520608077
508,Qwen3-8B,liberal_4-g-n,Status,0.0235470723905969,-0.0235470723905972
509,Qwen3-8B,liberal_4-g-n,Politics,-0.0247808658600581,0.0247808658600583
510,Qwen3-8B,liberal_4-g-n,Religion,-0.0041972634975259,0.0041972634975263
511,Apertus-8B-Instruct-2509,democratic_7-g-n,Sociability,0.479108605811226,-0.4791086058112259
512,Apertus-8B-Instruct-2509,democratic_7-g-n,Morality,0.1858769172508492,-0.18587691725085
513,Apertus-8B-Instruct-2509,democratic_7-g-n,Ability,-0.0116669877248322,0.0116669877248325
514,Apertus-8B-Instruct-2509,democratic_7-g-n,Agency,-0.443449393147901,0.4434493931479016
515,Apertus-8B-Instruct-2509,democratic_7-g-n,Status,-0.2016963094515203,0.20169630945152
516,Apertus-8B-Instruct-2509,democratic_7-g-n,Politics,0.1090756051626485,-0.109075605162649
517,Apertus-8B-Instruct-2509,democratic_7-g-n,Religion,-0.1307945777903696,0.1307945777903672
518,Meta-Llama-3-8B,conservative_1-g-n,Sociability,0.4065758063881838,-0.4065758063881833
519,Meta-Llama-3-8B,conservative_1-g-n,Morality,0.3567010393786681,-0.356701039378667
520,Meta-Llama-3-8B,conservative_1-g-n,Ability,-0.2011320770860535,0.2011320770860535
521,Meta-Llama-3-8B,conservative_1-g-n,Agency,-0.4298395208392668,0.4298395208392672
522,Meta-Llama-3-8B,conservative_1-g-n,Status,-0.1403719596939367,0.1403719596939374
523,Meta-Llama-3-8B,conservative_1-g-n,Politics,-0.082072423047975,0.0820724230479748
524,Meta-Llama-3-8B,conservative_1-g-n,Religion,0.1027346631448993,-0.1027346631448985
525,Qwen3-8B,liberal_3-g-n,Sociability,0.4862415358944787,-0.4862415358944771
526,Qwen3-8B,liberal_3-g-n,Morality,0.4318424727205101,-0.4318424727205102
527,Qwen3-8B,liberal_3-g-n,Ability,-0.1068562029245007,0.1068562029245008
528,Qwen3-8B,liberal_3-g-n,Agency,-0.4680534036768852,0.4680534036768853
529,Qwen3-8B,liberal_3-g-n,Status,-0.0259307412670151,0.0259307412670162
530,Qwen3-8B,liberal_3-g-n,Politics,-0.0600014964106651,0.0600014964106648
531,Qwen3-8B,liberal_3-g-n,Religion,-0.0042691375236322,0.004269137523632
532,Qwen3-8B,liberal_6-g-n,Sociability,0.4632569023344439,-0.4632569023344445
533,Qwen3-8B,liberal_6-g-n,Morality,0.4400652844683989,-0.4400652844683985
534,Qwen3-8B,liberal_6-g-n,Ability,-0.085492429254302,0.085492429254302
535,Qwen3-8B,liberal_6-g-n,Agency,-0.4635297969252411,0.4635297969252424
536,Qwen3-8B,liberal_6-g-n,Status,-0.0095306462015635,0.0095306462015632
537,Qwen3-8B,liberal_6-g-n,Politics,-0.0659835320406681,0.065983532040668
538,Qwen3-8B,liberal_6-g-n,Religion,0.0069929416700217,-0.0069929416700218
539,Qwen3-8B,liberal_8-g-n,Sociability,0.4778376316850059,-0.477837631685005
540,Qwen3-8B,liberal_8-g-n,Morality,0.4497568619319889,-0.449756861931989
541,Qwen3-8B,liberal_8-g-n,Ability,-0.109251996183484,0.1092519961834843
542,Qwen3-8B,liberal_8-g-n,Agency,-0.4617112726880975,0.4617112726880973
543,Qwen3-8B,liberal_8-g-n,Status,-0.04170486782978,0.0417048678297804
544,Qwen3-8B,liberal_8-g-n,Politics,-0.0589059143680341,0.058905914368034
545,Qwen3-8B,liberal_8-g-n,Religion,-0.0427678160924853,0.0427678160924863
546,Meta-Llama-3-8B,democratic_6-g-n,Sociability,0.3520543543395188,-0.3520543543395187
547,Meta-Llama-3-8B,democratic_6-g-n,Morality,0.3614323539858874,-0.361432353985888
548,Meta-Llama-3-8B,democratic_6-g-n,Ability,-0.1285710305402967,0.1285710305402968
549,Meta-Llama-3-8B,democratic_6-g-n,Agency,-0.4667060727486529,0.4667060727486529
550,Meta-Llama-3-8B,democratic_6-g-n,Status,-0.188493624381092,0.1884936243810921
551,Meta-Llama-3-8B,democratic_6-g-n,Politics,-0.1360943693293367,0.1360943693293368
552,Meta-Llama-3-8B,democratic_6-g-n,Religion,0.0833774497161518,-0.083377449716151
553,Meta-Llama-3-8B,democratic_9-g-n,Sociability,0.307226863560388,-0.3072268635603879
554,Meta-Llama-3-8B,democratic_9-g-n,Morality,0.4432143377568083,-0.4432143377568074
555,Meta-Llama-3-8B,democratic_9-g-n,Ability,-0.140565615290798,0.140565615290798
556,Meta-Llama-3-8B,democratic_9-g-n,Agency,-0.3891246779958658,0.3891246779958666
557,Meta-Llama-3-8B,democratic_9-g-n,Status,-0.2970098429372193,0.2970098429372193
558,Meta-Llama-3-8B,democratic_9-g-n,Politics,-0.2097074257831995,0.2097074257831997
559,Meta-Llama-3-8B,democratic_9-g-n,Religion,0.0547432536397233,-0.0547432536397231
560,Qwen3-8B,conservative_6-g-n,Sociability,0.4440248434775495,-0.444024843477551
561,Qwen3-8B,conservative_6-g-n,Morality,0.5066768511974823,-0.5066768511974825
562,Qwen3-8B,conservative_6-g-n,Ability,-0.1158937592372863,0.1158937592372868
563,Qwen3-8B,conservative_6-g-n,Agency,-0.4595992791400187,0.4595992791400197
564,Qwen3-8B,conservative_6-g-n,Status,-0.0842533681004191,0.0842533681004192
565,Qwen3-8B,conservative_6-g-n,Politics,-0.0964266583028587,0.0964266583028586
566,Qwen3-8B,conservative_6-g-n,Religion,-0.1199909749649601,0.1199909749649593
567,Qwen3-8B,democratic_7-g-n,Sociability,0.4356569613712919,-0.4356569613712915
568,Qwen3-8B,democratic_7-g-n,Morality,0.4876933964960506,-0.4876933964960501
569,Qwen3-8B,democratic_7-g-n,Ability,-0.1002321290909396,0.1002321290909393
570,Qwen3-8B,democratic_7-g-n,Agency,-0.4643839377538724,0.4643839377538726
571,Qwen3-8B,democratic_7-g-n,Status,-0.0360176894520253,0.0360176894520249
572,Qwen3-8B,democratic_7-g-n,Politics,-0.0283842690008146,0.0283842690008146
573,Qwen3-8B,democratic_7-g-n,Religion,-0.0653455976865116,0.0653455976865121
574,Meta-Llama-3-8B,default-g-n,Sociability,0.4452618648161316,-0.4452618648161315
575,Meta-Llama-3-8B,default-g-n,Morality,0.4211931162136142,-0.4211931162136142
576,Meta-Llama-3-8B,default-g-n,Ability,-0.2179251469606999,0.2179251469607003
577,Meta-Llama-3-8B,default-g-n,Agency,-0.5358731012302463,0.5358731012302456
578,Meta-Llama-3-8B,default-g-n,Status,-0.3698598396473875,0.3698598396473883
579,Meta-Llama-3-8B,default-g-n,Politics,-0.243937679478671,0.2439376794786707
580,Meta-Llama-3-8B,default-g-n,Religion,-0.0647296296247245,0.0647296296247247
581,Apertus-8B-Instruct-2509,default-g-n,Sociability,0.4541506422627301,-0.4541506422627303
582,Apertus-8B-Instruct-2509,default-g-n,Morality,0.2509824405908312,-0.2509824405908299
583,Apertus-8B-Instruct-2509,default-g-n,Ability,-0.2492036031492342,0.2492036031492345
584,Apertus-8B-Instruct-2509,default-g-n,Agency,-0.2670923275633936,0.2670923275633933
585,Apertus-8B-Instruct-2509,default-g-n,Status,-0.0833963835452862,0.0833963835452895
586,Apertus-8B-Instruct-2509,default-g-n,Politics,-0.0717668723698427,0.0717668723698424
587,Apertus-8B-Instruct-2509,default-g-n,Religion,-0.0498451156257971,0.0498451156257973
588,Qwen3-8B,democratic_5-g-n,Sociability,0.4240681886244954,-0.4240681886244949
589,Qwen3-8B,democratic_5-g-n,Morality,0.5260330306788463,-0.526033030678846
590,Qwen3-8B,democratic_5-g-n,Ability,-0.0965259416840419,0.096525941684042
591,Qwen3-8B,democratic_5-g-n,Agency,-0.44386578681265,0.4438657868126501
592,Qwen3-8B,democratic_5-g-n,Status,-0.0659059854739068,0.0659059854739068
593,Qwen3-8B,democratic_5-g-n,Politics,-0.0849174207706914,0.0849174207706918
594,Qwen3-8B,democratic_5-g-n,Religion,-0.0814386570605857,0.0814386570605847
595,Apertus-8B-Instruct-2509,democratic_4-g-n,Sociability,0.4799754966377396,-0.4799754966377383
596,Apertus-8B-Instruct-2509,democratic_4-g-n,Morality,0.2125291305747984,-0.2125291305747974
597,Apertus-8B-Instruct-2509,democratic_4-g-n,Ability,-0.0213823522525019,0.0213823522525017
598,Apertus-8B-Instruct-2509,democratic_4-g-n,Agency,-0.3868144099696977,0.3868144099696983
599,Apertus-8B-Instruct-2509,democratic_4-g-n,Status,-0.1730133245286183,0.1730133245286181
600,Apertus-8B-Instruct-2509,democratic_4-g-n,Politics,0.1029674498917623,-0.1029674498917622
601,Apertus-8B-Instruct-2509,democratic_4-g-n,Religion,-0.1097005738727757,0.1097005738727738
602,Meta-Llama-3-8B,liberal_8-g-n,Sociability,0.4392597606053837,-0.4392597606053836
603,Meta-Llama-3-8B,liberal_8-g-n,Morality,0.296801138021836,-0.2968011380218368
604,Meta-Llama-3-8B,liberal_8-g-n,Ability,-0.0941242791324888,0.0941242791324887
605,Meta-Llama-3-8B,liberal_8-g-n,Agency,-0.5176705329332267,0.5176705329332266
606,Meta-Llama-3-8B,liberal_8-g-n,Status,-0.0312651395629051,0.0312651395629051
607,Meta-Llama-3-8B,liberal_8-g-n,Politics,-0.1110112104719768,0.1110112104719768
608,Meta-Llama-3-8B,liberal_8-g-n,Religion,0.2417363019591222,-0.2417363019591221
609,Qwen3-8B,liberal_7-g-n,Sociability,0.5203918367661992,-0.5203918367661999
610,Qwen3-8B,liberal_7-g-n,Morality,0.4122429919528516,-0.4122429919528517
611,Qwen3-8B,liberal_7-g-n,Ability,-0.0989890169345013,0.0989890169345007
612,Qwen3-8B,liberal_7-g-n,Agency,-0.4691899451713424,0.4691899451713419
613,Qwen3-8B,liberal_7-g-n,Status,-0.0070953838827012,0.0070953838827008
614,Qwen3-8B,liberal_7-g-n,Politics,-0.0523664231586743,0.0523664231586745
615,Qwen3-8B,liberal_7-g-n,Religion,0.0174317003134189,-0.0174317003134191
616,Qwen3-8B,liberal_10-g-n,Sociability,0.4766044833405359,-0.4766044833405369
617,Qwen3-8B,liberal_10-g-n,Morality,0.4404321487018605,-0.4404321487018603
618,Qwen3-8B,liberal_10-g-n,Ability,-0.0829236399511777,0.0829236399511777
619,Qwen3-8B,liberal_10-g-n,Agency,-0.4727580748317118,0.4727580748317135
620,Qwen3-8B,liberal_10-g-n,Status,-0.0231096126151916,0.0231096126151923
621,Qwen3-8B,liberal_10-g-n,Politics,-0.050964878605299,0.050964878605299
622,Qwen3-8B,liberal_10-g-n,Religion,-0.0007645161496564,0.000764516149656
623,Meta-Llama-3-8B,democratic_7-g-n,Sociability,0.3428017917596093,-0.342801791759609
624,Meta-Llama-3-8B,democratic_7-g-n,Morality,0.3979078209789123,-0.3979078209789118
625,Meta-Llama-3-8B,democratic_7-g-n,Ability,-0.1131655014772768,0.1131655014772767
626,Meta-Llama-3-8B,democratic_7-g-n,Agency,-0.4904000402976902,0.4904000402976904
627,Meta-Llama-3-8B,democratic_7-g-n,Status,-0.281842857893979,0.2818428578939793
628,Meta-Llama-3-8B,democratic_7-g-n,Politics,-0.1349429305578133,0.1349429305578135
629,Meta-Llama-3-8B,democratic_7-g-n,Religion,0.0516289033240463,-0.0516289033240467
630,Meta-Llama-3-8B,democratic_8-g-n,Sociability,0.4085696816583853,-0.4085696816583853
631,Meta-Llama-3-8B,democratic_8-g-n,Morality,0.3915770243284225,-0.3915770243284229
632,Meta-Llama-3-8B,democratic_8-g-n,Ability,-0.1807929609369318,0.1807929609369317
633,Meta-Llama-3-8B,democratic_8-g-n,Agency,-0.4817408852826113,0.481740885282611
634,Meta-Llama-3-8B,democratic_8-g-n,Status,-0.152998073915727,0.152998073915727
635,Meta-Llama-3-8B,democratic_8-g-n,Politics,-0.1242524048721845,0.1242524048721841
636,Meta-Llama-3-8B,democratic_8-g-n,Religion,0.0728810657944318,-0.0728810657944316
637,Apertus-8B-Instruct-2509,conservative_4-g-n,Sociability,0.4507422427691691,-0.4507422427691679
638,Apertus-8B-Instruct-2509,conservative_4-g-n,Morality,0.2194635353422896,-0.2194635353422874
639,Apertus-8B-Instruct-2509,conservative_4-g-n,Ability,-0.0180023141367733,0.0180023141367735
640,Apertus-8B-Instruct-2509,conservative_4-g-n,Agency,-0.4003531377901473,0.4003531377901463
641,Apertus-8B-Instruct-2509,conservative_4-g-n,Status,-0.2096194970680438,0.2096194970680419
642,Apertus-8B-Instruct-2509,conservative_4-g-n,Politics,-0.0102624662201767,0.0102624662201775
643,Apertus-8B-Instruct-2509,conservative_4-g-n,Religion,-0.1612497895979539,0.1612497895979531
644,Apertus-8B-Instruct-2509,liberal_5-g-n,Sociability,0.5299094676099686,-0.5299094676099676
645,Apertus-8B-Instruct-2509,liberal_5-g-n,Morality,0.199473406043155,-0.1994734060431532
646,Apertus-8B-Instruct-2509,liberal_5-g-n,Ability,-0.0345142574059254,0.0345142574059255
647,Apertus-8B-Instruct-2509,liberal_5-g-n,Agency,-0.4378852324139505,0.4378852324139501
648,Apertus-8B-Instruct-2509,liberal_5-g-n,Status,-0.1708463313916779,0.1708463313916763
649,Apertus-8B-Instruct-2509,liberal_5-g-n,Politics,0.1598042618578466,-0.1598042618578473
650,Apertus-8B-Instruct-2509,liberal_5-g-n,Religion,0.0159740713339454,-0.0159740713339456
